ID,GPS, Altitude, Bearing,Engine Coolant Temperature(°C),Engine RPM(rpm),Intake Air Temperature(°C),Engine Load(%),MAFR,Throttle Position(Manifold)(%)
414,27.183725,264,347.1,85,2374.0,31,94.11764526,30.93000031,35.29411697
1258,4.650172,255,69.4,89,2452.25,32,76.07843018,23.72999954,26.27450943
464,26.490318,209,346.8,85,1712.5,31,21.56862831,7.590000153,18.4313736
177,0.0,225,0.0,83,1337.5,30,29.80392265,3.980000019,16.47058868
236,9.924157,99,340.0,84,1364.0,30,29.80392265,3.950000048,16.47058868
186,0.0,225,0.0,83,1184.25,30,61.96078491,18.88999939,24.70588303
777,27.440018,264,258.0,86,2349.0,31,78.4313736,25.22999954,14.90196133
1215,14.270004,261,68.3,87,1006.25,31,27.05882454,2.680000067,15.29411793
808,7.560106,232,259.2,85,1607.75,31,69.80392456,14.36999989,22.35294151
745,29.050007,297,260.5,86,2455.25,31,83.52941132,27.84000015,29.01960754
375,24.325994,129,349.3,85,2143.75,31,94.50980377,27.68000031,32.54901886
1017,19.580164,230,340.5,86,2290.5,31,88.23529816,27.28000069,30.19607925
91,0.0,225,0.0,70,2682.0,30,98.03921509,36.0,40.0
101,0.0,225,0.0,73,1532.0,30,64.70588684,6.260000229,23.52941132
521,30.298294,221,4.0,85,2470.25,31,89.41176605,5.789999962,20.7843132
1199,6.53,262,2.0,86,1974.0,32,91.37255096,25.20000076,32.15686417
3,0.0,225,0.0,57,2753.0,30,98.03921509,38.04000092,39.2156868
1271,12.6401,245,72.2,89,1925.0,32,52.54901886,18.34000015,24.70588303
181,0.0,225,0.0,83,1417.75,30,36.07843018,14.69999981,21.96078491
1115,0.0,246,0.0,86,2812.5,32,81.5686264,28.78000069,28.62745094
386,20.018055,243,349.3,85,1743.75,31,25.88235283,2.680000067,21.96078491
1197,6.5300694,262,346.7,86,785.0,32,51.76470566,4.809999943,17.25490189
48,0.0,225,0.0,68,709.25,30,52.54901886,4.090000153,16.47058868
1057,18.810215,235,312.3,87,1716.25,31,79.60784149,18.18000031,24.31372643
1294,10.350309,253,66.6,90,2189.0,32,85.88235474,24.28000069,27.84313774
1065,20.480038,237,315.4,87,2084.25,31,78.8235321,27.63999939,25.88235283
503,31.63004,218,359.1,86,2285.0,31,20.0,8.0,18.4313736
19,0.0,225,0.0,62,2089.0,30,40.0,6.179999828,16.07843208
653,0.0,210,0.0,87,2078.0,35,87.05882263,22.97999954,27.84313774
204,11.74367,290,347.3,83,989.75,30,29.01960754,2.700000048,15.68627453
868,2.491626,236,240.5,86,768.75,32,48.23529434,3.819999933,16.47058868
408,22.68149,209,347.1,85,2693.75,31,98.8235321,37.59999847,46.27450943
1293,10.300078,256,67.2,90,2079.5,32,82.74510193,21.95000076,26.66666794
620,0.0,209,0.0,86,642.0,33,37.25490189,2.349999905,15.29411793
267,10.545179,454,328.2,84,897.5,30,32.54901886,5.539999962,17.64705849
1089,19.690023,247,332.6,87,1328.75,31,28.62745094,3.710000038,16.47058868
1135,20.390087,246,324.3,87,1871.0,31,84.31372833,20.93000031,27.45098114
435,26.490318,209,346.8,85,2164.75,31,97.2549057,29.79000092,43.52941132
813,9.100665,233,245.4,85,1918.75,31,71.37255096,16.42000008,23.52941132
772,28.270018,262,257.7,86,2342.0,31,76.47058868,23.55999947,26.27450943
223,9.924157,99,340.0,84,2322.5,30,91.37255096,28.95999908,31.76470566
880,10.140005,255,258.8,86,2742.75,32,91.76470947,34.70999908,31.37254906
1085,23.470034,247,332.1,87,1342.75,31,21.96078491,2.390000105,15.29411793
995,13.690295,227,356.0,85,2192.75,31,89.80392456,26.97999954,30.58823586
729,30.151697,297,260.6,87,2500.0,32,28.62745094,2.980000019,14.90196133
1167,18.900023,259,324.9,86,1038.25,32,25.88235283,2.569999933,15.29411793
1104,2.3541665,248,322.5,86,639.75,31,38.03921509,2.420000076,15.29411793
834,18.30033,227,252.9,85,1375.0,31,23.13725471,2.75999999,15.29411793
767,28.060862,272,256.5,86,2375.75,31,92.15686798,30.78000069,33.33333206
1144,21.29046,257,328.0,88,1866.25,31,47.45098114,11.06000042,19.6078434
744,29.050007,297,260.5,86,2444.5,31,83.92156982,28.18000031,29.01960754
769,28.060862,272,256.5,86,2535.0,31,44.31372452,24.39999962,25.49019623
826,9.421916,226,247.9,85,2817.0,31,99.21569061,39.06999969,64.70588684
529,27.95395,214,353.6,85,2067.0,31,18.4313736,2.809999943,15.68627453
1323,0.925743,268,108.5,88,2271.0,33,73.72549438,24.47999954,26.66666794
498,30.36006,230,0.7,86,2346.0,31,25.09803963,13.34000015,21.17647171
453,26.490318,209,346.8,85,2001.5,31,34.11764908,3.039999962,15.68627453
1209,13.710132,259,71.4,87,1785.0,31,70.58823395,16.30999947,23.52941132
422,27.800179,209,346.9,85,2567.75,31,81.5686264,9.010000229,18.8235302
1069,21.770082,245,315.8,87,2143.75,31,84.70588684,23.0,26.66666794
315,21.419863,220,332.1,85,2587.5,30,96.47058868,35.79000092,43.13725662
1055,19.130316,233,313.8,87,1663.25,31,75.29412079,15.89000034,23.13725471
60,0.0,225,0.0,69,764.0,30,52.15686417,3.75999999,16.86274529
301,13.86299,109,334.9,85,3571.0,30,96.07843018,49.72999954,53.33333588
1253,7.013145,252,356.2,88,1774.0,33,60.0,14.09000015,23.92156982
701,15.720423,182,266.8,88,2616.25,33,82.74510193,28.22999954,28.62745094
584,0.8009994,213,177.8,85,758.5,31,48.62745285,4.039999962,16.47058868
685,15.720423,182,266.8,87,2769.5,33,97.2549057,38.50999832,45.09804153
966,25.86,225,253.2,85,1795.25,31,23.92156982,3.930000067,16.47058868
292,21.737738,211,332.7,85,1528.75,30,25.88235283,4.090000153,16.47058868
88,0.0,225,0.0,70,2280.25,30,94.50980377,28.62000084,33.33333206
713,30.762226,197,261.8,87,2421.75,33,80.0,27.20999908,28.62745094
111,0.0,225,0.0,75,790.5,30,47.05882263,4.099999905,16.86274529
1307,5.648407,264,76.9,89,1317.0,32,48.23529434,6.150000095,18.8235302
80,0.0,225,0.0,70,742.75,30,51.37255096,4.179999828,16.86274529
560,10.890041,236,8.4,84,786.5,31,47.45098114,4.289999962,16.86274529
481,23.660019,182,358.5,85,2494.5,31,85.09803772,32.79000092,36.47058868
897,19.150042,244,249.7,86,2877.25,31,98.03921509,39.34000015,46.66666794
623,0.0,209,0.0,86,660.0,33,36.07843018,2.319999933,15.29411793
904,22.88,249,252.3,87,2545.25,31,96.47058868,35.09000015,45.09804153
700,15.720423,182,266.8,88,2598.25,33,84.70588684,29.01000023,29.41176605
654,0.0,210,0.0,86,1717.75,35,72.54901886,11.22999954,19.6078434
1178,2.060097,256,327.5,86,2307.0,32,72.54901886,22.85000038,25.88235283
686,15.720423,182,266.8,87,2771.0,33,98.03921509,38.0,47.84313965
537,27.664518,218,354.3,85,2040.5,31,20.7843132,4.059999943,16.47058868
1221,6.5309267,260,49.6,88,2027.25,32,70.19608307,23.14999962,29.01960754
1336,5.4313254,269,3.3,88,2052.25,32,81.17647552,20.64999962,25.88235283
1113,0.0,245,0.0,86,1925.75,31,81.5686264,20.03000069,25.88235283
943,26.950003,244,252.3,86,2324.0,31,84.31372833,27.03000069,28.23529434
1126,16.100079,246,329.7,86,1731.25,32,33.33333206,13.42000008,21.17647171
861,0.59,234,212.9,86,664.75,32,40.39215851,3.589999914,16.86274529
1309,4.237169,259,71.8,89,2203.0,32,81.5686264,22.20000076,30.98039246
1080,23.110022,248,331.9,88,1880.25,31,45.49019623,6.340000153,19.2156868
65,0.0,225,0.0,69,700.0,30,40.7843132,2.890000105,15.68627453
1233,3.9712594,252,342.5,88,1200.75,32,55.29411697,8.140000343,19.2156868
674,15.720423,182,266.8,86,2607.0,34,97.64706421,36.81999969,50.58823776
807,7.5604234,232,258.4,85,1586.5,31,68.23529816,13.60000038,21.96078491
585,0.88022727,215,200.2,85,770.25,31,48.62745285,4.03000021,16.47058868
824,8.920022,229,249.6,85,2105.25,31,96.07843018,27.05999947,48.62745285
683,15.720423,182,266.8,87,2460.0,33,45.49019623,35.13999939,40.7843132
520,30.261274,219,4.0,85,2653.75,31,52.94117737,26.54000092,25.88235283
1070,21.640001,246,315.2,87,1786.5,31,32.94117737,3.75999999,16.47058868
108,0.0,225,0.0,75,736.5,30,34.50980377,2.75,15.68627453
872,2.491626,236,240.5,86,666.25,32,36.47058868,2.309999943,15.29411793
403,21.230038,247,347.9,85,2042.75,31,86.27451324,28.67000008,39.2156868
1035,14.383342,226,337.8,86,2475.0,31,91.37255096,31.53000069,34.11764908
336,23.727587,205,341.8,85,2131.25,30,72.94117737,22.20999908,25.49019623
231,9.924157,99,340.0,84,2292.75,30,92.94117737,29.5,32.54901886
1129,16.32,246,325.7,86,2420.25,32,93.72549438,31.85000038,36.86274719
304,18.624737,142,329.7,85,2653.75,30,16.47058868,3.029999971,15.68627453
309,19.616373,242,333.2,85,2519.5,30,96.47058868,35.02999878,42.74509811
1098,12.46,248,330.4,86,720.25,31,34.50980377,2.559999943,15.29411793
194,11.74367,290,347.3,83,2382.0,30,92.94117737,31.42000008,34.11764908
335,25.429676,219,341.0,85,1673.25,30,25.49019623,7.429999828,16.47058868
785,27.370066,252,253.4,86,1871.0,31,19.6078434,2.25999999,15.29411793
330,23.496944,247,342.2,85,2463.25,31,87.05882263,29.42000008,30.19607925
341,24.357391,181,341.9,85,2153.75,30,70.58823395,9.090000153,30.58823586
888,13.270004,247,250.8,86,2292.75,32,90.98039246,28.20999908,31.76470566
927,23.77,245,253.6,87,2086.5,32,95.29412079,26.63999939,34.50980377
167,0.0,225,0.0,83,2352.25,30,80.0,28.70000076,29.80392265
255,10.545179,454,328.2,84,1491.25,30,31.76470566,4.400000095,18.03921509
201,11.74367,290,347.3,83,1185.75,30,26.27450943,2.779999971,15.68627453
311,21.419863,220,332.1,85,2521.0,30,97.64706421,33.88999939,43.13725662
302,16.403614,167,331.6,85,3833.5,30,95.6862793,55.95000076,52.94117737
321,21.419863,220,332.1,86,1835.0,30,18.8235302,2.5,15.29411793
115,0.0,225,0.0,76,767.0,30,50.19607925,4.25,16.86274529
325,21.419863,220,332.1,86,1598.25,31,19.6078434,2.480000019,15.29411793
198,11.74367,290,347.3,83,1502.25,30,65.09803772,3.920000076,16.07843208
1133,20.350483,246,319.7,87,2010.0,31,41.5686264,6.28000021,25.49019623
759,28.0603,287,255.9,86,2452.25,31,78.4313736,24.35000038,27.05882454
553,21.840057,243,4.6,84,1263.25,31,22.74509811,2.569999933,15.29411793
726,30.151697,297,260.6,87,2517.75,32,83.52941132,28.79000092,29.01960754
75,0.0,225,0.0,70,738.25,30,51.76470566,4.199999809,16.86274529
1281,13.52,258,68.6,89,1075.75,32,33.33333206,3.5,16.07843208
638,0.0,210,0.0,86,746.0,34,47.05882263,3.700000048,16.47058868
1283,12.36,258,68.4,89,1046.0,32,33.72549057,3.539999962,16.07843208
709,15.720423,182,266.8,88,2500.0,33,69.01960754,20.47999954,24.31372643
1317,6.890029,263,159.8,88,725.0,32,37.25490189,2.450000048,15.29411793
764,28.060862,272,256.5,86,2359.25,31,76.86274719,24.05999947,26.66666794
853,2.6,236,252.1,86,665.5,32,34.90196228,2.420000076,15.29411793
395,20.249931,234,346.4,85,1570.25,31,35.29411697,7.429999828,16.47058868
538,27.664518,218,354.3,85,1921.75,31,21.96078491,3.5,16.07843208
812,8.61,234,253.6,85,1842.75,31,72.15686035,16.06999969,23.52941132
487,23.340174,236,1.9,85,2564.75,31,92.94117737,31.31999969,32.54901886
1124,13.360958,246,334.6,86,1549.0,32,20.0,2.730000019,15.29411793
602,0.0,209,0.0,86,740.5,32,46.27450943,3.849999905,16.47058868
310,20.74488,213,333.2,85,2552.25,30,96.86274719,34.56000137,42.35294342
752,29.050007,297,260.5,86,2473.25,31,31.37254906,3.599999905,18.8235302
1298,11.150112,250,70.4,89,941.25,32,29.41176605,2.650000095,15.29411793
120,0.0,225,0.0,76,777.25,30,50.19607925,4.199999809,16.86274529
647,0.0,210,0.0,86,753.75,34,45.49019623,5.53000021,18.03921509
1206,13.29,263,71.6,87,1425.75,31,23.52941132,2.670000076,15.29411793
639,0.0,210,0.0,86,757.75,34,47.05882263,3.779999971,16.47058868
159,0.0,225,0.0,82,2014.75,30,42.35294342,17.72999954,22.74509811
1234,3.96,253,332.4,88,1798.25,32,69.01960754,15.85000038,23.13725471
894,16.95,247,255.9,86,2311.5,31,88.23529816,27.64999962,29.80392265
1189,8.210006,255,49.5,86,1121.0,33,65.09803772,10.67000008,20.3921566
133,0.0,225,0.0,78,1934.25,30,80.0,19.18000031,25.49019623
432,26.490318,209,346.8,85,1926.5,31,18.4313736,2.5,15.29411793
705,15.720423,182,266.8,88,2587.5,33,36.47058868,9.81000042,20.0
81,0.0,225,0.0,70,750.0,30,51.37255096,4.260000229,16.86274529
404,21.414942,198,348.7,85,2506.25,31,66.27451324,6.980000019,15.68627453
985,4.8808303,228,252.7,85,1138.25,31,34.11764908,4.789999962,17.25490189
142,0.0,225,0.0,78,2355.25,30,83.52941132,27.5,28.23529434
190,11.887224,228,349.1,83,1634.25,30,57.25490189,2.869999886,15.29411793
1123,13.360958,246,334.6,86,2571.75,32,88.62744904,22.63999939,27.45098114
56,0.0,225,0.0,68,746.0,30,51.76470566,4.28000021,16.86274529
215,10.331336,155,337.0,84,855.25,30,44.31372452,4.170000076,16.47058868
990,5.5200815,229,337.1,85,2678.0,31,96.07843018,36.06999969,38.4313736
1158,21.790518,250,325.2,88,1407.0,32,27.05882454,3.480000019,16.07843208
248,15.376118,329,334.2,84,833.5,30,32.54901886,2.650000095,15.68627453
119,0.0,225,0.0,76,747.5,30,50.19607925,4.139999866,16.86274529
1247,6.460031,251,349.1,88,851.5,33,43.92156982,4.059999943,16.47058868
107,0.0,225,0.0,75,847.5,30,32.15686417,2.75,15.68627453
571,0.8637129,207,266.1,84,703.0,31,38.03921509,2.710000038,15.68627453
409,24.630981,199,346.7,85,2730.25,31,98.8235321,38.25,46.66666794
922,25.32003,250,253.8,88,1517.75,32,27.05882454,4.389999866,16.86274529
641,0.0,210,0.0,86,757.0,34,46.66666794,3.75,16.47058868
820,10.370005,227,255.5,85,820.25,31,30.19607925,2.430000067,15.29411793
1030,17.280186,230,339.5,86,1228.0,31,30.58823586,3.680000067,16.47058868
977,16.720673,228,264.6,85,690.5,31,34.11764908,2.559999943,15.29411793
12,0.0,225,0.0,60,1685.75,30,34.11764908,4.289999962,16.47058868
736,30.151697,297,260.6,86,2602.25,32,63.92156982,20.17000008,23.52941132
268,10.545179,454,328.2,84,2057.75,30,81.17647552,21.87000084,26.66666794
1020,18.530272,231,342.5,86,1647.5,31,35.68627548,3.150000095,23.52941132
73,0.0,225,0.0,70,741.25,30,52.15686417,4.210000038,16.86274529
1125,13.360958,246,334.6,86,1369.5,32,23.13725471,2.75999999,15.29411793
1268,11.290111,259,75.3,89,2152.25,32,81.17647552,22.28000069,26.66666794
827,10.6,226,246.8,85,3150.75,31,99.60784149,43.31000137,66.66666412
49,0.0,225,0.0,68,739.75,30,51.76470566,4.099999905,16.86274529
629,0.0,210,0.0,86,755.25,33,46.66666794,3.779999971,16.47058868
288,18.72857,254,333.1,85,2437.5,30,92.15686798,31.25,34.11764908
912,24.83003,250,252.3,88,1934.25,31,17.64705849,2.349999905,15.29411793
87,0.0,225,0.0,70,2173.25,30,47.05882263,19.95000076,25.09803963
731,30.151697,297,260.6,87,2476.5,32,59.60784531,15.94999981,14.90196133
163,0.0,225,0.0,83,1992.75,30,69.80392456,9.789999962,17.64705849
47,0.0,225,0.0,68,708.5,30,42.35294342,3.950000048,16.47058868
98,0.0,225,0.0,71,1955.25,30,78.4313736,18.39999962,24.31372643
549,24.960049,226,358.9,84,2091.25,31,33.72549057,2.75,15.68627453
991,9.41,228,344.4,85,2915.5,31,95.6862793,38.25999832,40.0
649,0.0,210,0.0,86,1678.0,34,61.56863022,11.01000023,20.7843132
1064,20.190002,236,315.1,87,1817.0,31,66.27451324,2.680000067,15.29411793
283,0.0,255,0.0,85,1604.5,30,55.29411697,12.72999954,20.7843132
1304,6.482137,258,71.8,89,728.75,32,49.80392075,3.980000019,16.47058868
1010,19.310022,229,340.5,86,2262.5,31,89.80392456,26.93000031,30.98039246
766,28.060862,272,256.5,86,2370.25,31,91.76470947,30.0,33.33333206
1091,19.0236,247,331.0,87,1251.5,31,29.80392265,3.650000095,16.47058868
131,0.0,225,0.0,78,1049.0,30,35.68627548,2.779999971,15.68627453
1157,21.270002,251,327.6,88,1798.25,32,35.68627548,3.559999943,16.47058868
664,14.263692,204,257.0,86,2400.0,35,50.19607925,9.840000153,20.7843132
969,26.07003,224,256.6,85,1800.0,31,24.31372643,3.819999933,16.47058868
1127,15.830004,246,330.1,86,1740.5,32,91.37255096,22.55999947,28.62745094
135,0.0,225,0.0,78,1391.25,30,33.33333206,4.170000076,16.47058868
568,1.4900335,207,359.1,84,806.25,31,49.41176605,4.369999886,16.86274529
419,26.990028,209,348.9,85,2460.0,31,77.2549057,33.52999878,30.98039246
1036,13.900014,227,335.6,86,2496.0,31,85.49019623,29.72999954,16.07843208
720,30.151697,297,260.6,87,2481.25,32,45.09804153,3.950000048,16.07843208
490,26.66075,285,3.6,85,2718.75,31,85.49019623,35.34000015,31.37254906
428,24.510988,209,344.3,86,2359.25,31,32.94117737,5.039999962,16.47058868
881,10.880041,247,253.6,86,2307.0,32,65.49019623,15.75,20.7843132
1044,18.040003,228,323.6,86,1736.5,31,57.64706039,12.52999973,21.17647171
424,28.690113,209,348.9,86,2218.75,31,25.49019623,3.00999999,15.68627453
368,28.01352,186,348.4,85,2052.25,30,18.8235302,2.890000105,15.68627453
439,26.490318,209,346.8,85,2655.25,31,82.74510193,34.00999832,16.86274529
988,3.2703822,228,286.6,85,2332.0,31,94.11764526,30.53000069,36.07843018
195,11.74367,290,347.3,83,1858.5,30,34.11764908,3.950000048,16.07843208
1180,3.6100552,255,34.3,86,2365.5,32,93.72549438,31.14999962,36.47058868
628,0.0,210,0.0,86,746.75,33,47.45098114,3.75999999,16.47058868
298,12.303187,176,338.8,85,2425.0,30,97.2549057,33.43000031,49.80392075
1349,3.2600152,273,271.0,89,1281.25,32,49.01960754,7.429999828,18.4313736
1093,18.540012,245,328.6,87,1071.0,31,33.33333206,3.670000076,16.47058868
512,27.820114,213,5.3,85,2171.0,31,17.64705849,2.890000105,15.68627453
573,1.00005,208,246.7,84,676.5,31,38.82352829,2.569999933,15.29411793
989,2.6215453,227,299.3,85,2500.0,31,94.50980377,33.43000031,38.03921509
735,30.151697,297,260.6,86,2693.75,32,77.2549057,29.89999962,26.66666794
1141,20.12009,257,331.1,88,2455.25,31,92.54901886,31.70999908,34.50980377
1320,3.6808696,264,151.3,88,678.75,32,38.4313736,3.0,15.29411793
58,0.0,225,0.0,68,742.0,30,51.76470566,4.199999809,16.86274529
258,10.545179,454,328.2,84,2337.5,30,74.90196228,27.56999969,29.80392265
725,30.151697,297,260.6,87,2497.5,32,83.52941132,28.03000069,29.01960754
460,26.490318,209,346.8,85,1945.25,31,25.09803963,4.210000038,16.47058868
239,17.741188,288,344.0,84,1350.0,30,30.19607925,4.0,16.47058868
1128,15.68008,246,331.1,86,2389.75,32,94.90196228,31.5,35.29411697
94,0.0,225,0.0,71,3257.75,30,91.76470947,41.27999878,27.45098114
718,30.233652,289,259.9,87,2423.25,32,96.07843018,32.81999969,40.39215851
1037,15.024314,228,338.4,86,1711.5,31,64.70588684,16.59000015,22.35294151
1249,6.5200305,251,349.2,88,624.0,33,37.25490189,2.539999962,15.29411793
958,27.0,229,251.0,86,2397.5,31,34.11764908,4.170000076,16.07843208
791,24.36002,243,254.9,86,1521.0,31,19.2156868,2.25999999,15.29411793
51,0.0,225,0.0,68,744.5,30,51.76470566,4.199999809,16.86274529
27,0.0,225,0.0,65,1407.75,30,24.31372643,3.180000067,16.07843208
169,0.0,225,0.0,83,2503.0,30,91.76470947,31.68000031,33.72549057
443,26.490318,209,346.8,85,2744.5,30,93.72549438,35.40000153,34.90196228
478,23.340174,169,358.4,85,2519.5,31,90.19608307,31.43000031,30.19607925
303,16.830761,188,332.6,85,4107.0,30,92.94117737,52.70000076,41.17647171
1187,9.385457,255,53.6,86,798.25,32,31.76470566,2.640000105,15.29411793
126,0.0,225,0.0,77,683.5,30,38.4313736,2.680000067,15.68627453
259,10.545179,454,328.2,84,1421.75,30,29.01960754,4.059999943,16.47058868
280,10.545179,454,328.2,85,2567.75,30,97.2549057,36.20000076,45.88235474
982,3.0316496,227,258.6,85,2131.25,31,81.96078491,22.34000015,26.66666794
1328,0.925743,268,108.5,88,991.25,32,41.17647171,4.25,16.47058868
270,10.545179,454,328.2,85,1185.75,30,25.88235283,2.680000067,15.29411793
972,24.990017,225,255.2,85,1575.0,31,19.2156868,2.319999933,15.29411793
90,0.0,225,0.0,70,2571.75,30,95.6862793,34.86999893,36.86274719
594,0.0,208,0.0,86,663.25,32,36.86274719,2.420000076,15.29411793
262,10.545179,454,328.2,84,957.75,30,29.80392265,2.839999914,15.68627453
1285,13.140096,251,69.6,90,1315.5,32,51.76470566,7.710000038,18.8235302
1047,17.692217,230,318.7,86,2195.25,31,87.45098114,26.17000008,29.41176605
148,0.0,225,0.0,80,2000.0,30,83.92156982,18.14999962,27.84313774
636,0.0,210,0.0,86,753.75,34,47.05882263,3.809999943,16.47058868
1148,22.210018,256,327.3,88,1530.25,31,19.6078434,2.289999962,15.29411793
78,0.0,225,0.0,70,745.25,30,51.76470566,4.210000038,16.86274529
876,2.491626,236,240.5,86,2717.0,32,90.98039246,33.54000092,30.58823586
1319,4.1235056,263,160.8,88,653.0,32,38.4313736,2.5,15.29411793
35,0.0,225,0.0,66,1157.75,30,32.54901886,3.849999905,16.47058868
1074,20.460009,254,328.8,87,1754.5,31,91.37255096,21.5,28.62745094
531,28.101938,215,354.0,85,2321.75,31,92.54901886,30.04000092,31.76470566
547,25.000128,223,357.5,85,2156.25,31,55.68627548,12.75,26.66666794
6,0.0,225,0.0,57,3430.25,30,95.29412079,48.09000015,40.39215851
1005,19.46009,227,343.1,86,1337.5,31,23.13725471,2.650000095,15.29411793
786,27.050028,253,252.7,86,1971.75,31,17.25490189,2.339999914,15.29411793
919,24.8802,254,252.0,88,1746.0,32,18.03921509,2.279999971,15.29411793
1059,19.490126,238,312.6,87,1771.0,31,77.64705658,17.45000076,24.31372643
1182,5.9203043,255,55.3,86,2697.5,32,92.54901886,33.88999939,34.90196228
216,9.476608,154,337.5,84,903.0,30,44.31372452,4.25,20.3921566
1329,0.925743,268,108.5,88,921.75,32,41.96078491,4.309999943,15.68627453
1263,9.870127,259,89.8,88,1603.75,32,60.7843132,11.28999996,21.17647171
446,26.490318,209,346.8,85,1914.75,31,18.4313736,2.5,15.29411793
202,11.74367,290,347.3,83,1136.5,30,26.66666794,2.789999962,15.68627453
931,26.071613,244,253.5,86,2048.25,31,18.8235302,2.460000038,15.29411793
575,1.5604166,209,265.9,85,662.5,31,38.4313736,2.539999962,15.29411793
801,10.03008,235,251.1,85,779.5,31,45.09804153,4.010000229,16.47058868
840,13.940014,237,248.8,85,1018.75,31,29.80392265,3.710000038,16.47058868
8,0.0,225,0.0,58,2267.0,30,77.64705658,27.78000069,29.41176605
241,16.320309,302,341.3,84,1332.75,30,24.31372643,2.75,15.68627453
480,23.91021,178,358.0,85,2108.5,31,86.27451324,24.42000008,27.84313774
350,23.045452,267,346.1,85,2191.25,30,96.47058868,29.26000023,38.03921509
382,22.298923,231,346.4,85,1517.0,31,21.96078491,2.849999905,15.68627453
675,15.720423,182,266.8,86,2632.75,34,98.03921509,36.11999893,49.41176605
494,29.230083,262,0.8,85,2506.25,31,53.72549057,2.670000076,14.90196133
1313,7.0210257,260,166.7,88,1355.25,32,22.74509811,3.0,15.68627453
755,29.050007,297,260.5,86,2458.5,31,72.54901886,21.72999954,25.09803963
496,29.780043,257,358.4,85,2609.25,31,74.50980377,8.340000153,18.8235302
710,31.28,188,261.3,87,2476.5,33,70.98039246,21.70000076,25.09803963
800,11.520018,234,253.4,85,844.5,31,41.17647171,3.900000095,16.47058868
1176,2.5712447,255,313.0,86,1763.25,32,75.29412079,17.87000084,25.09803963
554,21.16019,239,5.9,84,1348.25,31,24.70588303,2.779999971,15.68627453
401,22.1206,219,347.0,85,2467.75,31,92.15686798,33.50999832,36.07843018
62,0.0,225,0.0,69,667.75,30,38.4313736,2.559999943,15.68627453
671,15.62296,185,267.3,86,2607.0,35,96.86274719,35.45999908,40.7843132
804,7.9000063,230,257.9,85,825.0,31,47.45098114,4.090000153,16.47058868
1195,5.740705,263,359.9,86,875.75,32,40.39215851,4.199999809,16.47058868
779,29.003338,262,258.7,86,2635.0,31,85.09803772,29.45999908,29.80392265
534,27.664518,218,354.3,85,2412.5,31,33.72549057,7.099999905,26.66666794
1032,17.26,230,335.6,86,1172.5,31,31.76470566,3.710000038,16.47058868
351,24.386202,207,344.3,85,2503.0,30,94.90196228,36.70000076,35.68627548
1021,18.35022,231,341.1,86,1955.25,31,70.58823395,3.00999999,15.29411793
154,0.0,225,0.0,81,1902.25,30,40.0,16.70999908,21.96078491
1060,19.370747,238,312.3,87,1789.75,31,77.2549057,17.51000023,24.31372643
1292,10.610169,255,64.6,90,903.75,32,28.62745094,2.369999886,22.35294151
693,15.720423,182,266.8,88,2592.75,33,67.45098114,28.03000069,28.23529434
188,8.463479,260,348.8,83,2035.0,30,81.5686264,20.55999947,25.88235283
189,11.654651,260,347.9,83,1459.25,30,46.27450943,5.900000095,27.84313774
383,20.342068,252,350.1,85,2024.0,31,81.5686264,25.5,27.45098114
857,0.43174067,233,106.7,86,649.0,32,36.86274719,2.430000067,15.29411793
482,23.280003,188,359.3,85,2103.75,31,24.31372643,2.700000048,15.29411793
1040,16.0002,227,332.9,86,1982.75,31,74.90196228,17.13999939,23.92156982
1243,6.460031,251,349.1,88,990.5,32,40.7843132,4.340000153,16.47058868
1295,9.850615,253,71.6,90,2189.75,32,67.05882263,22.0,27.45098114
41,0.0,225,0.0,67,699.0,30,40.39215851,2.960000038,15.68627453
1122,13.360958,246,334.6,86,3306.25,32,90.98039246,31.12000084,30.98039246
99,0.0,225,0.0,72,1324.0,30,38.03921509,2.920000076,15.68627453
680,15.720423,182,266.8,86,2736.5,33,99.21569061,38.70000076,50.58823776
694,15.720423,182,266.8,88,2496.0,33,84.70588684,28.43000031,29.41176605
833,18.340042,227,252.8,85,1456.25,31,22.74509811,2.730000019,15.29411793
1090,19.640306,248,332.3,87,1285.75,31,29.41176605,3.680000067,16.47058868
673,15.968359,181,267.1,86,2592.75,35,96.86274719,35.41999817,43.13725662
208,11.74367,290,347.3,84,867.0,30,32.15686417,2.700000048,15.68627453
83,0.0,225,0.0,70,1082.0,30,50.98039246,5.730000019,19.6078434
742,29.050007,297,260.5,86,2418.75,32,81.5686264,27.30999947,28.23529434
250,10.545179,454,328.2,84,2228.0,30,88.23529816,27.56999969,30.98039246
76,0.0,225,0.0,70,743.75,30,51.76470566,4.230000019,16.86274529
228,9.924157,99,340.0,84,944.5,30,30.58823586,2.730000019,15.68627453
442,26.490318,209,346.8,85,2489.75,30,43.92156982,9.840000153,19.2156868
495,29.450043,257,359.0,85,2457.0,31,27.05882454,3.930000067,16.47058868
938,26.810028,246,254.0,86,2253.0,31,82.35294342,24.63999939,27.05882454
1236,3.73,253,331.1,88,2717.0,32,69.80392456,23.20999908,28.23529434
761,28.0603,287,255.9,86,2396.0,31,79.21569061,25.97999954,27.84313774
1015,19.61031,229,340.7,86,1507.75,31,57.64706039,12.86999989,21.17647171
1154,21.14,251,326.7,88,1792.75,32,33.33333206,6.170000076,18.03921509
650,0.0,210,0.0,86,2028.75,35,77.2549057,18.81999969,25.09803963
1334,6.29,255,34.9,88,1882.75,32,76.47058868,17.84000015,25.49019623
1053,19.247904,236,313.8,86,1567.0,31,26.27450943,3.819999933,16.47058868
890,15.340053,247,254.9,86,2732.75,31,97.64706421,37.93000031,44.70588303
892,16.420048,247,256.8,86,2106.25,31,79.21569061,21.62000084,26.27450943
400,19.522789,218,348.1,85,1749.0,31,25.09803963,2.920000076,15.68627453
810,7.8405166,234,256.5,85,1540.5,31,69.80392456,17.20000076,23.52941132
1318,6.1918173,263,163.2,88,614.0,32,37.25490189,2.450000048,15.29411793
525,26.910313,216,359.6,85,2650.0,31,66.27451324,31.20000076,15.68627453
572,1.0312129,208,268.0,84,675.0,31,38.4313736,2.650000095,15.29411793
1179,2.5819373,255,351.6,86,2139.75,32,84.70588684,27.10000038,29.80392265
200,11.74367,290,347.3,83,1175.0,30,26.27450943,2.779999971,15.68627453
349,24.987778,249,344.4,85,2137.5,30,96.86274719,29.26000023,39.2156868
719,30.293804,285,260.8,87,2447.5,32,95.6862793,33.25999832,40.39215851
1287,13.070382,253,69.0,90,1500.0,32,53.33333588,10.11999989,20.3921566
597,0.0,209,0.0,86,668.75,32,36.47058868,2.390000105,15.29411793
1134,20.250555,246,320.0,87,1960.0,31,80.39215851,20.26000023,25.09803963
1342,9.14005,275,343.2,88,621.75,32,36.47058868,2.50999999,15.29411793
1315,10.25,264,164.2,88,739.0,32,31.76470566,2.569999933,15.29411793
924,23.210104,248,251.7,88,2132.75,32,76.86274719,21.95000076,26.27450943
528,27.460115,214,356.3,85,2304.5,31,41.96078491,2.920000076,15.68627453
426,24.510988,209,344.3,86,2320.25,31,60.7843132,33.27999878,30.58823586
1155,21.650082,252,327.4,88,1792.0,32,34.11764908,7.059999943,18.4313736
355,25.790003,213,346.9,85,2356.25,30,60.0,18.67000008,23.13725471
452,26.490318,209,346.8,85,1861.5,31,88.23529816,23.29000092,28.62745094
1103,3.9202042,243,327.2,86,637.5,31,36.07843018,2.789999962,15.29411793
589,0.0,210,0.0,85,773.25,31,46.66666794,3.920000076,16.47058868
211,11.74367,290,347.3,84,1470.25,30,43.52941132,4.179999828,16.86274529
559,17.390102,237,11.9,84,837.5,31,41.5686264,4.150000095,16.86274529
244,17.886381,271,339.1,84,1192.0,30,25.88235283,2.849999905,15.68627453
672,16.038237,183,267.2,86,2631.25,35,97.2549057,35.45999908,42.35294342
274,10.545179,454,328.2,84,1025.0,30,40.7843132,4.400000095,16.86274529
205,11.74367,290,347.3,83,969.5,30,29.80392265,2.730000019,15.68627453
640,0.0,210,0.0,86,753.75,34,47.05882263,3.75999999,16.47058868
286,20.009329,226,332.6,85,2447.5,30,96.07843018,33.34000015,39.60784531
558,19.010168,239,10.9,84,974.0,31,32.94117737,3.950000048,16.47058868
220,6.6532474,129,350.4,84,1371.75,30,75.6862793,18.35000038,25.49019623
390,21.207094,219,346.0,85,1353.75,31,23.13725471,2.589999914,15.29411793
34,0.0,225,0.0,66,1221.75,30,31.37254906,3.779999971,16.47058868
85,0.0,225,0.0,70,2117.75,30,81.96078491,22.20999908,26.27450943
234,9.924157,99,340.0,84,2435.75,30,54.50980377,18.47999954,36.07843018
156,0.0,225,0.0,81,2153.75,30,27.84313774,23.03000069,18.8235302
331,22.886608,211,341.1,85,2144.5,31,90.58823395,6.420000076,17.64705849
724,30.151697,297,260.6,87,2471.75,32,83.52941132,27.59000015,29.01960754
961,26.570091,225,250.7,85,2423.25,31,19.2156868,23.79000092,24.31372643
541,27.080067,219,354.9,85,1745.25,31,22.74509811,3.450000048,16.07843208
625,0.0,209,0.0,86,718.75,33,36.07843018,3.789999962,16.47058868
970,25.760002,223,256.4,85,1612.5,31,23.52941132,3.390000105,16.07843208
622,0.0,209,0.0,86,653.75,33,36.47058868,2.349999905,15.29411793
616,0.0,209,0.0,86,761.5,33,46.66666794,3.730000019,16.47058868
682,15.720423,182,266.8,86,2739.0,33,98.8235321,39.16999817,50.19607925
867,2.5201786,236,240.1,86,693.75,32,46.27450943,3.809999943,16.47058868
1331,9.168429,259,72.0,88,696.75,32,36.86274719,2.670000076,15.29411793
799,14.740004,232,256.0,85,951.5,31,34.11764908,3.670000076,16.47058868
935,25.67003,244,253.7,86,2171.75,31,90.19608307,27.20000076,29.01960754
1213,14.680055,260,69.1,87,1111.5,31,26.27450943,2.75999999,15.29411793
663,14.324559,206,254.7,86,2555.25,35,93.72549438,32.11999893,36.07843018
997,15.3,229,355.2,85,2377.25,31,86.27451324,28.79000092,26.27450943
264,10.545179,454,328.2,84,857.0,30,32.94117737,2.730000019,15.68627453
1022,18.330044,232,341.3,86,1831.25,31,68.62744904,17.64999962,23.92156982
1101,8.700281,251,328.0,86,693.75,31,37.25490189,2.480000019,15.29411793
393,20.53205,240,348.9,85,1232.75,31,29.41176605,5.449999809,17.64705849
1112,0.43931764,247,128.2,86,1484.25,31,67.05882263,11.42000008,21.17647171
1191,5.22,257,39.6,86,2082.75,32,87.05882263,23.13999939,28.62745094
53,0.0,225,0.0,68,746.0,30,51.37255096,4.199999809,16.86274529
750,29.050007,297,260.5,86,2521.0,31,63.52941132,22.67000008,24.70588303
347,26.12971,206,343.1,85,2254.5,30,73.33333588,21.79000092,23.92156982
798,15.810013,236,258.6,85,1021.0,31,26.27450943,2.589999914,15.29411793
329,22.934626,242,343.0,85,1532.75,31,20.7843132,2.5,15.29411793
1003,19.46009,227,343.1,86,1241.25,31,21.96078491,2.349999905,15.29411793
789,26.780003,246,252.5,86,1813.25,31,17.64705849,2.25,15.29411793
323,21.419863,220,332.1,86,1718.75,30,19.2156868,2.460000038,15.29411793
955,27.070091,229,252.2,86,2507.75,31,69.01960754,23.75,25.09803963
134,0.0,225,0.0,78,2098.25,30,78.03921509,20.28000069,25.49019623
670,15.523724,187,267.2,86,2517.75,35,91.76470947,30.97999954,32.54901886
902,22.81014,248,251.7,86,3119.5,31,97.2549057,42.15000153,50.19607925
1242,6.460031,251,349.1,88,1013.25,32,40.39215851,4.320000172,16.47058868
363,26.290487,191,348.2,85,2479.5,30,83.13725281,23.87000084,27.05882454
10,0.0,225,0.0,59,2325.75,30,94.90196228,31.54000092,32.15686417
852,2.980604,237,257.0,86,736.5,31,34.11764908,2.450000048,15.29411793
707,15.720423,182,266.8,88,2721.0,33,77.2549057,23.62000084,26.27450943
599,0.0,209,0.0,86,663.25,32,36.47058868,2.390000105,15.29411793
527,26.900602,214,359.4,85,2404.5,31,36.47058868,10.11999989,18.8235302
314,21.419863,220,332.1,85,2559.25,30,96.47058868,34.25,41.17647171
1168,18.070044,259,325.3,86,963.25,32,28.23529434,2.559999943,15.29411793
546,25.51016,222,357.7,85,2142.0,31,74.50980377,18.60000038,23.92156982
763,28.060862,272,256.5,86,2458.5,31,80.0,24.51000023,26.27450943
1142,20.620243,257,331.0,88,2175.75,31,47.45098114,8.699999809,21.17647171
986,4.8633323,228,252.6,85,1550.0,31,68.23529816,12.31999969,21.17647171
1208,14.990013,260,72.2,87,1101.5,31,27.05882454,2.710000038,18.03921509
561,9.180006,212,5.8,84,811.5,31,48.62745285,4.400000095,16.86274529
104,0.0,225,0.0,73,1051.5,30,28.23529434,2.849999905,15.68627453
1238,5.220153,254,336.4,88,2482.75,33,90.58823395,30.54000092,32.94117737
370,28.937078,185,348.5,85,1885.75,31,18.4313736,2.50999999,15.29411793
1076,20.380001,249,333.8,87,1807.0,31,90.98039246,21.72999954,29.41176605
473,0.0,156,0.0,85,1985.0,31,86.66667175,21.87000084,27.45098114
613,0.0,209,0.0,86,750.0,33,47.05882263,3.779999971,16.47058868
125,0.0,225,0.0,77,739.75,30,38.03921509,2.930000067,15.68627453
851,4.1723495,235,249.7,86,890.5,31,40.0,3.950000048,16.47058868
1008,19.270042,229,339.7,86,1933.5,31,80.0,20.45999908,25.88235283
1240,5.680079,252,348.0,88,2150.75,32,24.70588303,4.03000021,16.47058868
987,4.8600926,228,275.1,85,2110.0,31,88.62744904,25.51000023,29.80392265
471,26.490318,209,346.8,85,2135.0,31,81.5686264,29.29000092,27.45098114
1107,0.7840918,247,332.4,86,660.0,31,37.64706039,2.450000048,15.29411793
1156,21.050116,252,327.9,88,1798.25,32,38.03921509,7.230000019,18.4313736
631,0.0,210,0.0,86,752.25,33,47.05882263,3.75999999,16.47058868
875,2.491626,236,240.5,86,2273.25,32,84.70588684,24.95000076,28.62745094
139,0.0,225,0.0,78,1578.75,30,61.96078491,12.26000023,21.17647171
299,14.612878,162,332.9,85,2528.0,30,97.64706421,31.93000031,53.72549057
1205,12.050066,260,70.4,86,2431.25,31,82.35294342,30.01000023,14.90196133
1117,8.300217,244,333.3,86,2511.5,32,95.29412079,33.66999817,38.82352829
165,0.0,225,0.0,83,1442.0,30,21.56862831,2.480000019,15.29411793
976,18.120708,229,259.4,85,938.25,31,28.62745094,2.599999905,15.29411793
226,9.924157,99,340.0,84,987.5,30,29.41176605,2.779999971,15.68627453
418,26.990028,209,348.9,85,2682.0,31,38.4313736,38.31000137,30.98039246
1073,19.760305,243,319.8,87,1725.0,31,82.74510193,19.87000084,24.70588303
180,0.0,225,0.0,83,1153.75,30,26.66666794,2.75999999,15.68627453
191,11.74367,290,347.3,83,2313.25,30,88.23529816,27.54000092,30.19607925
348,23.51222,227,344.8,85,2092.0,30,97.64706421,28.63999939,38.82352829
306,20.680784,181,331.4,85,1699.0,30,25.49019623,2.930000067,15.68627453
493,28.450176,276,3.7,85,2682.0,31,85.49019623,28.93000031,29.41176605
1043,18.080002,228,323.7,86,1492.0,31,34.11764908,6.869999886,18.4313736
1193,5.660141,263,7.8,86,2075.75,32,73.33333588,20.13999939,25.49019623
1273,12.510256,252,68.5,89,1330.25,32,34.11764908,2.420000076,14.90196133
372,25.597675,248,349.5,85,2337.5,31,78.4313736,24.93000031,26.27450943
895,17.49,247,255.4,86,2339.0,31,92.54901886,33.31000137,46.66666794
874,2.491626,236,240.5,86,1856.25,32,75.29412079,18.04000092,24.31372643
940,26.920029,247,252.9,86,2533.5,31,81.17647552,25.0,27.05882454
484,22.860056,191,1.0,85,2160.75,31,84.31372833,26.54000092,28.23529434
509,28.060045,215,5.0,85,2439.0,31,35.68627548,11.39000034,19.2156868
962,26.36007,224,250.0,85,2219.5,31,67.45098114,24.79000092,30.58823586
1173,7.4438696,255,342.6,86,714.75,32,50.98039246,4.03000021,16.47058868
242,16.320309,302,341.3,84,1246.0,30,24.70588303,2.839999914,15.68627453
17,0.0,225,0.0,61,2378.75,30,100.0,31.87000084,37.64706039
516,29.353298,214,5.3,85,2267.75,31,18.03921509,4.150000095,16.47058868
430,29.020111,209,348.0,86,2380.25,31,39.60784531,2.950000048,15.68627453
1321,1.9009471,266,135.2,88,1588.25,33,68.62744904,13.89999962,22.74509811
929,24.37,247,254.3,86,2203.0,31,94.50980377,29.43000031,37.25490189
1203,9.0,261,68.6,86,2380.25,32,94.90196228,31.70999908,37.64706039
765,28.060862,272,256.5,86,2350.75,31,79.21569061,28.26000023,28.62745094
1186,8.42,254,53.1,86,982.75,32,28.62745094,2.670000076,15.29411793
207,11.74367,290,347.3,84,849.0,30,32.15686417,2.730000019,15.29411793
237,17.281765,369,343.4,84,1353.0,30,30.19607925,4.070000172,16.47058868
535,27.664518,218,354.3,85,2578.75,31,71.37255096,2.839999914,14.90196133
1108,0.559017,248,329.7,86,700.75,31,40.0,3.890000105,16.47058868
491,26.500189,285,3.9,85,2425.0,31,90.98039246,32.0,32.15686417
275,10.545179,454,328.2,85,956.25,30,43.13725662,4.5,16.86274529
741,29.050007,297,260.5,86,2406.25,32,78.4313736,25.20000076,27.05882454
345,25.05853,222,343.5,85,1753.0,30,19.2156868,2.529999971,15.29411793
1007,19.46009,227,343.1,86,1324.0,31,29.01960754,3.75,16.47058868
941,26.800089,248,253.0,86,2377.25,31,28.62745094,28.85000038,28.23529434
1201,6.9101806,262,36.5,86,2178.75,32,95.29412079,28.76000023,36.86274719
1316,9.36,265,163.4,88,664.75,32,36.07843018,2.569999933,15.29411793
604,0.0,209,0.0,86,762.5,32,46.66666794,3.839999914,16.47058868
340,22.610142,232,342.5,85,2529.5,30,87.84313965,32.02999878,30.98039246
956,27.380001,229,250.8,86,2578.75,31,95.6862793,39.72999954,36.47058868
457,26.490318,209,346.8,85,2052.25,31,81.5686264,4.150000095,16.47058868
175,0.0,225,0.0,83,1457.0,30,27.45098114,3.900000095,16.47058868
37,0.0,225,0.0,66,1037.5,30,35.29411697,3.039999962,15.68627453
320,21.419863,220,332.1,86,1912.5,30,18.4313736,2.480000019,15.29411793
945,27.020224,241,251.5,86,2228.75,31,38.82352829,7.900000095,25.49019623
1097,13.580092,247,329.9,86,810.75,31,31.76470566,2.539999962,15.29411793
459,26.490318,209,346.8,85,2571.75,31,93.33333588,33.95999908,23.92156982
593,0.0,209,0.0,85,671.0,32,36.47058868,2.430000067,15.29411793
536,27.664518,218,354.3,85,2526.5,31,42.74509811,12.69999981,21.17647171
1174,4.7926717,254,336.4,86,746.0,32,50.19607925,4.099999905,16.47058868
596,0.0,209,0.0,86,662.5,32,36.47058868,2.390000105,15.29411793
859,1.1374532,233,184.9,86,662.5,32,36.07843018,2.369999886,15.29411793
556,20.40002,242,8.6,84,1179.5,31,25.88235283,2.819999933,15.68627453
577,0.67029846,211,296.7,85,657.75,31,38.03921509,2.460000038,15.29411793
862,0.55,234,194.4,86,714.0,32,47.84313965,3.640000105,16.47058868
463,26.490318,209,346.8,85,1523.25,31,20.3921566,2.539999962,15.29411793
815,10.480076,230,243.4,85,1389.75,31,24.31372643,2.210000038,15.29411793
326,21.419863,220,332.1,86,1582.0,31,21.17647171,2.529999971,15.29411793
1171,12.620036,260,331.4,86,639.0,32,37.25490189,2.589999914,15.29411793
612,0.0,209,0.0,86,758.5,33,47.05882263,3.75999999,16.47058868
1026,17.110188,230,336.2,86,1302.25,31,25.49019623,2.670000076,20.7843132
1131,17.710552,246,320.8,86,2484.25,31,94.50980377,32.84999847,38.03921509
59,0.0,225,0.0,68,744.5,30,51.76470566,4.170000076,16.86274529
13,0.0,225,0.0,60,1258.5,30,34.90196228,4.260000229,16.47058868
1347,4.192016,275,296.8,89,1236.5,32,61.17647171,9.680000305,19.6078434
702,15.720423,182,266.8,88,2785.75,33,73.33333588,31.76000023,25.09803963
821,10.010045,228,256.2,85,805.25,31,32.54901886,3.849999905,16.47058868
661,0.0,210,0.0,86,2058.5,36,31.76470566,3.369999886,15.29411793
797,17.730024,231,256.9,85,1115.5,31,25.88235283,2.650000095,15.29411793
1079,21.100021,249,332.1,88,2000.75,31,76.07843018,18.54000092,23.52941132
322,21.419863,220,332.1,86,1778.75,30,18.8235302,2.50999999,15.29411793
441,26.490318,209,346.8,85,2406.25,31,90.98039246,4.75,17.25490189
1312,3.5901253,262,153.6,89,2050.0,32,47.84313965,2.390000105,15.29411793
1353,2.926175,272,271.6,89,799.0,32,37.64706039,2.25999999,15.29411793
256,10.545179,454,328.2,84,1135.0,30,45.09804153,5.960000038,26.66666794
581,0.68007356,207,213.8,85,761.5,31,49.41176605,4.099999905,16.47058868
587,0.3324154,212,302.9,85,760.75,31,48.62745285,4.039999962,16.47058868
708,15.720423,182,266.8,88,2511.5,33,67.45098114,19.87000084,24.31372643
72,0.0,225,0.0,70,717.0,30,50.98039246,4.150000095,16.86274529
257,10.545179,454,328.2,84,2296.0,30,91.37255096,29.13999939,30.98039246
899,20.670197,245,252.0,86,2497.5,31,90.19608307,31.35000038,35.29411697
2,0.0,247,0.0,56,2587.5,30,98.4313736,35.18000031,37.64706039
1237,4.550044,255,337.5,88,2359.25,32,85.49019623,26.95000076,28.62745094
1228,10.000245,254,336.8,88,771.0,32,32.94117737,2.589999914,15.29411793
963,26.230093,224,251.2,85,2550.75,31,21.56862831,29.30999947,27.05882454
367,25.833616,188,349.0,85,2721.0,30,94.11764526,35.25,35.68627548
730,30.151697,297,260.6,87,2567.75,32,62.35294342,18.53000069,23.52941132
479,23.780254,173,358.1,85,2258.5,31,78.8235321,25.59000015,27.45098114
1185,8.3,254,52.7,86,1048.25,32,27.45098114,2.680000067,15.29411793
117,0.0,225,0.0,76,778.75,30,49.41176605,4.28000021,16.86274529
793,23.410213,239,256.0,86,1327.25,31,21.17647171,2.289999962,15.29411793
5,0.0,225,0.0,57,3158.5,30,97.2549057,41.93000031,40.0
1267,11.750038,257,77.8,89,1724.0,32,80.39215851,18.60000038,25.49019623
809,7.800058,233,256.6,85,1821.75,31,74.50980377,16.45000076,23.13725471
1051,16.982063,234,314.8,86,1775.0,31,40.39215851,3.920000076,16.07843208
877,2.491626,236,240.5,86,2964.0,32,87.05882263,33.59000015,30.19607925
579,0.33,210,251.6,85,713.25,31,50.98039246,4.039999962,16.86274529
1016,18.56,230,339.1,86,1617.75,31,31.76470566,2.930000067,15.29411793
1012,18.320044,229,339.8,86,1449.0,31,31.76470566,4.150000095,16.47058868
11,0.0,225,0.0,59,2303.0,30,93.72549438,30.25,32.15686417
903,22.790056,251,252.1,86,2866.25,31,69.01960754,16.75,35.68627548
332,21.709503,194,340.7,85,2461.5,31,91.76470947,31.42000008,32.15686417
1346,5.301849,275,317.9,89,925.0,32,48.23529434,4.289999962,16.86274529
607,0.0,209,0.0,86,755.25,33,47.05882263,3.819999933,16.47058868
1301,8.347766,254,68.5,89,716.25,32,49.41176605,4.039999962,16.47058868
54,0.0,225,0.0,68,750.0,30,51.76470566,4.230000019,16.86274529
930,25.29002,243,253.9,86,2303.0,31,90.58823395,3.400000095,15.29411793
233,9.924157,99,340.0,84,2605.25,30,97.2549057,36.5,42.35294342
84,0.0,225,0.0,70,1696.0,30,74.90196228,15.56999969,22.74509811
746,29.050007,297,260.5,86,2458.5,31,52.94117737,2.390000105,14.90196133
64,0.0,225,0.0,69,683.5,30,41.17647171,2.930000067,15.68627453
187,0.0,225,0.0,83,2047.5,30,81.5686264,21.04000092,26.27450943
1027,17.250046,230,339.3,86,1501.5,31,32.94117737,3.75999999,16.47058868
151,0.0,225,0.0,80,2947.5,30,96.07843018,38.13999939,41.17647171
1048,17.642221,231,318.7,86,2228.0,31,87.84313965,26.13999939,29.41176605
644,0.0,210,0.0,86,698.25,34,35.68627548,2.480000019,15.29411793
388,21.461126,250,349.1,85,2494.5,31,95.29412079,33.50999832,38.4313736
137,0.0,225,0.0,78,1978.0,30,71.76470947,5.429999828,16.47058868
172,0.0,225,0.0,83,1463.25,30,24.70588303,3.789999962,16.47058868
530,27.811956,215,353.7,85,2589.0,31,87.05882263,34.45000076,33.72549057
1200,6.9208746,262,33.5,86,2065.5,32,94.50980377,26.30999947,34.50980377
455,26.490318,209,346.8,85,2446.0,31,95.29412079,33.56000137,37.64706039
1068,21.690147,246,315.9,88,1160.0,31,29.80392265,3.460000038,23.52941132
858,0.7025667,233,212.4,86,671.75,32,36.47058868,2.339999914,15.29411793
737,30.151697,297,260.6,86,2389.75,32,74.11764526,21.70000076,25.09803963
374,24.325994,129,349.3,85,2126.5,31,94.11764526,27.05999947,31.76470566
614,0.0,209,0.0,86,760.0,33,46.66666794,3.75999999,16.47058868
160,0.0,225,0.0,82,1833.5,30,83.52941132,21.17000008,27.45098114
50,0.0,225,0.0,68,735.75,30,52.15686417,4.230000019,16.86274529
1226,8.740091,255,334.7,88,937.5,32,20.7843132,3.089999914,15.29411793
913,25.65,250,253.1,88,1910.75,31,18.03921509,2.319999933,15.29411793
32,0.0,225,0.0,66,1308.5,30,29.80392265,3.819999933,16.47058868
238,17.808475,309,344.6,84,1342.75,30,30.19607925,4.090000153,16.47058868
1024,18.260069,231,342.3,86,1657.75,31,31.76470566,12.06000042,20.7843132
354,28.022463,202,346.3,85,1784.25,30,24.31372643,3.700000048,16.07843208
164,0.0,225,0.0,83,1969.5,30,29.01960754,2.700000048,15.68627453
486,22.620056,201,1.7,85,2717.0,31,95.6862793,36.15000153,38.82352829
660,0.0,210,0.0,86,2552.25,36,97.2549057,35.15000153,44.70588303
817,10.07002,228,249.5,85,948.25,31,29.80392265,2.680000067,15.29411793
703,15.720423,182,266.8,88,2718.75,33,83.92156982,27.29000092,28.62745094
295,19.352026,185,334.2,85,1125.75,30,33.72549057,4.139999866,16.47058868
838,17.840227,231,252.8,85,1304.5,31,29.80392265,2.700000048,15.29411793
474,0.0,156,0.0,85,1897.5,31,31.37254906,2.710000038,15.68627453
634,0.0,210,0.0,86,743.75,33,47.05882263,3.789999962,16.47058868
472,0.0,156,0.0,85,2052.25,31,87.05882263,21.79000092,27.45098114
1102,8.060057,249,329.7,86,949.0,31,30.98039246,2.529999971,15.29411793
659,0.0,210,0.0,86,2471.75,36,97.2549057,34.16999817,44.31372452
1071,21.07002,243,316.8,87,1450.0,31,36.86274719,5.139999866,17.25490189
754,29.050007,297,260.5,86,2453.75,31,70.19608307,21.03000069,24.70588303
97,0.0,225,0.0,71,1950.75,30,77.2549057,18.62000084,24.31372643
932,26.0,244,253.3,86,1937.5,31,18.03921509,2.390000105,15.29411793
576,0.5731492,211,354.2,85,667.75,31,38.4313736,2.529999971,15.29411793
780,29.021076,262,258.5,86,2301.5,31,67.05882263,3.400000095,16.07843208
819,10.750018,226,252.5,85,962.5,31,29.01960754,2.390000105,15.29411793
550,24.680073,226,0.0,84,1646.75,31,20.7843132,2.599999905,15.29411793
308,21.251694,216,333.9,85,2486.5,30,96.86274719,34.45999908,41.5686264
1143,20.72002,256,330.8,88,1518.75,31,21.56862831,2.680000067,15.29411793
679,15.720423,182,266.8,86,2672.5,34,98.4313736,36.34999847,50.58823776
768,28.060862,272,256.5,86,2391.25,31,90.98039246,30.43000031,30.58823586
433,26.490318,209,346.8,85,2221.0,31,30.19607925,8.779999733,19.2156868
582,0.6400781,210,252.6,85,771.75,31,49.01960754,4.090000153,16.47058868
1322,0.9135097,268,108.3,88,1931.25,33,77.2549057,19.81999969,24.70588303
916,24.920128,252,251.9,88,1864.0,31,18.03921509,2.289999962,15.29411793
1084,23.830032,247,331.4,88,1703.0,31,21.56862831,2.589999914,15.29411793
893,16.680002,247,256.5,86,1646.75,31,40.0,3.099999905,29.41176605
632,0.0,210,0.0,86,751.5,33,47.05882263,3.680000067,16.47058868
567,1.5970285,206,346.9,84,793.75,31,49.41176605,4.349999905,16.86274529
619,0.0,209,0.0,86,632.0,33,36.47058868,2.339999914,15.29411793
492,27.630116,277,4.5,85,2471.75,31,87.45098114,30.06999969,27.05882454
385,20.525156,225,348.0,85,1850.0,31,70.58823395,20.63999939,25.09803963
281,10.545179,454,328.2,85,2623.25,30,98.4313736,37.02999878,43.92156982
1114,0.0,246,0.0,86,2310.0,31,83.13725281,24.87000084,27.84313774
483,22.85002,191,1.5,85,2191.25,31,54.11764908,15.86999989,25.88235283
282,13.977729,239,329.4,85,2128.0,30,24.31372643,2.849999905,15.29411793
437,26.490318,209,346.8,85,2596.75,31,92.15686798,32.75,33.33333206
1284,12.850036,254,71.9,89,1167.75,32,44.70588303,6.590000153,18.4313736
548,25.090128,224,358.0,85,2034.25,31,32.94117737,3.039999962,23.92156982
968,25.600159,224,256.1,85,2324.0,31,81.5686264,27.43000031,30.98039246
1081,23.13,247,331.5,88,1818.75,31,23.92156982,2.700000048,15.29411793
1018,18.520607,230,340.3,86,1560.75,31,47.45098114,2.400000095,15.29411793
937,26.090002,244,254.3,86,2473.25,31,81.96078491,25.84000015,27.05882454
1151,21.760021,255,325.6,88,1417.0,31,21.56862831,2.25999999,14.90196133
1297,10.978091,250,72.8,89,1025.0,32,28.62745094,2.680000067,15.29411793
1146,22.2,258,326.8,88,1939.75,31,26.66666794,2.809999943,15.29411793
1289,12.520064,252,69.3,90,990.5,32,27.05882454,2.420000076,15.29411793
121,0.0,225,0.0,77,761.5,30,49.80392075,4.150000095,16.86274529
1082,22.870035,248,332.0,88,1500.0,31,20.7843132,2.369999886,14.90196133
692,15.720423,182,266.8,88,2370.25,33,42.74509811,2.950000048,15.29411793
16,0.0,225,0.0,61,1667.0,30,94.11764526,21.10000038,28.62745094
1338,5.3920865,265,352.3,89,1328.0,32,24.31372643,2.559999943,15.29411793
699,15.720423,182,266.8,88,2587.5,33,85.88235474,29.84000015,29.80392265
1216,13.9700575,259,68.3,88,942.75,32,29.01960754,2.589999914,15.29411793
1252,7.0922847,251,355.6,88,1591.25,33,53.33333588,9.960000038,20.0
1170,14.500086,260,327.4,86,721.0,32,34.50980377,2.569999933,15.29411793
293,22.977802,196,334.0,85,1245.25,30,31.76470566,3.960000038,16.47058868
839,16.81,233,254.2,85,1135.0,31,24.70588303,2.680000067,15.29411793
1169,16.980354,260,326.0,86,749.0,32,31.76470566,2.569999933,15.29411793
106,0.0,225,0.0,74,945.25,30,30.19607925,2.75,15.68627453
23,0.0,225,0.0,63,1428.0,30,24.70588303,3.25999999,16.07843208
69,0.0,225,0.0,69,767.75,30,45.49019623,4.139999866,16.86274529
831,16.800001,226,254.2,85,1639.0,31,27.05882454,2.569999933,15.29411793
425,24.510988,209,344.3,86,2292.75,31,17.64705849,2.839999914,15.68627453
854,1.5920113,235,251.4,86,626.5,32,37.64706039,2.430000067,15.29411793
957,27.210028,228,251.5,86,2740.5,31,96.07843018,36.15000153,38.82352829
103,0.0,225,0.0,73,1227.25,30,29.41176605,2.789999962,15.68627453
555,20.650038,241,8.2,84,1281.25,31,24.31372643,2.869999886,15.68627453
1219,9.081239,259,67.9,88,1078.75,32,48.62745285,5.5,18.03921509
1000,19.90016,227,343.0,85,1765.5,31,64.70588684,13.89000034,22.35294151
776,28.040216,259,258.3,86,2342.0,31,78.03921509,24.37000084,26.66666794
1341,9.280021,273,340.3,89,773.25,32,32.54901886,2.640000105,15.29411793
74,0.0,225,0.0,70,747.5,30,51.76470566,4.25,16.86274529
507,29.730106,215,1.0,85,2365.5,31,52.94117737,3.200000048,15.29411793
1229,9.510005,253,336.1,88,629.5,32,37.64706039,2.619999886,15.29411793
218,7.9721136,128,345.5,84,875.0,30,43.52941132,4.090000153,16.47058868
1204,10.340005,262,70.9,86,2403.0,31,92.94117737,31.59000015,34.50980377
936,25.820002,243,253.3,86,2215.5,31,77.64705658,22.03000069,15.29411793
265,10.545179,454,328.2,84,865.5,30,32.94117737,2.75,15.68627453
900,21.530003,245,251.9,86,2449.0,31,97.2549057,33.20999908,45.88235474
711,31.150002,186,261.8,87,2455.25,33,72.94117737,21.45000076,25.49019623
434,26.490318,209,346.8,85,2441.25,31,90.98039246,33.36999893,29.01960754
110,0.0,225,0.0,75,814.0,30,49.41176605,4.119999886,16.86274529
923,24.12002,251,252.7,88,2036.5,32,24.70588303,18.93000031,23.13725471
40,0.0,225,0.0,67,710.0,30,36.86274719,3.00999999,15.68627453
1136,20.24002,248,325.8,87,1895.25,31,29.41176605,3.400000095,16.47058868
276,10.545179,454,328.2,85,2098.25,30,89.41176605,24.81999969,29.80392265
339,24.680244,211,341.9,85,2492.75,30,85.88235474,30.06999969,30.58823586
1345,8.180221,277,325.8,88,761.5,32,46.66666794,3.890000105,16.47058868
697,15.720423,182,266.8,88,2685.75,33,88.62744904,31.37000084,30.98039246
185,0.0,225,0.0,83,844.5,30,32.15686417,2.650000095,15.68627453
921,25.320007,251,254.7,88,1680.25,32,18.4313736,2.25999999,15.29411793
774,27.910028,259,257.8,86,2532.0,31,72.54901886,25.59000015,25.88235283
1038,15.338152,228,339.0,86,1884.25,31,67.84313965,15.10000038,22.74509811
61,0.0,225,0.0,69,805.25,30,39.2156868,2.869999886,15.68627453
578,0.23086792,210,229.4,85,661.5,31,38.03921509,3.809999943,16.47058868
655,0.0,210,0.0,86,2115.5,35,94.11764526,27.5,32.15686417
1324,0.925743,268,108.5,88,2767.0,32,85.88235474,27.35000038,27.45098114
387,20.66041,237,348.2,85,2100.75,31,91.76470947,33.41999817,29.41176605
127,0.0,225,0.0,77,864.75,30,40.0,11.81000042,21.17647171
1224,3.4836762,255,347.6,88,2501.5,32,90.19608307,30.84000015,33.33333206
251,10.545179,454,328.2,84,1388.25,30,26.66666794,4.170000076,15.29411793
1172,10.1,257,330.5,86,743.75,32,41.96078491,3.920000076,16.47058868
841,13.580014,240,251.1,85,1013.25,31,35.29411697,3.670000076,16.07843208
307,20.463259,224,333.1,85,2187.5,30,51.76470566,30.56999969,28.23529434
193,11.74367,290,347.3,83,2223.25,30,94.50980377,27.75,33.33333206
646,0.0,210,0.0,86,657.75,34,35.68627548,2.279999971,15.29411793
502,32.050076,218,359.3,86,2131.25,31,18.4313736,2.839999914,15.68627453
33,0.0,225,0.0,66,1260.0,30,30.58823586,3.890000105,16.47058868
1014,18.700132,229,339.9,86,1431.25,31,27.45098114,10.77999973,20.3921566
757,28.0603,287,255.9,86,2466.25,31,78.4313736,25.35000038,27.05882454
57,0.0,225,0.0,68,741.25,30,51.37255096,4.230000019,16.86274529
885,11.92034,246,249.7,86,2409.25,32,94.11764526,31.56999969,30.19607925
358,26.398003,230,347.1,85,2258.5,30,32.94117737,12.28999996,20.7843132
45,0.0,225,0.0,68,692.0,30,41.17647171,2.980000019,15.68627453
1083,23.69002,248,334.1,88,1440.5,31,20.7843132,2.390000105,15.29411793
1033,17.1,230,335.8,86,1138.25,31,32.54901886,3.819999933,20.3921566
828,11.022273,226,247.2,85,3442.75,31,96.07843018,47.34000015,61.17647171
68,0.0,225,0.0,69,925.0,30,42.74509811,2.819999933,15.68627453
318,21.419863,220,332.1,85,2217.0,30,46.27450943,2.950000048,15.29411793
291,21.5447,210,333.5,85,2324.0,30,54.50980377,9.670000076,20.7843132
46,0.0,225,0.0,68,682.0,30,41.5686264,2.980000019,15.68627453
277,10.545179,454,328.2,85,1473.25,30,89.01960754,24.5,37.64706039
1254,6.931623,253,358.8,89,2209.25,33,77.64705658,21.05999947,24.70588303
297,15.963884,181,338.6,85,2318.75,30,96.86274719,31.31999969,39.2156868
224,9.924157,99,340.0,84,1648.25,30,29.80392265,2.450000048,15.29411793
1041,16.04045,227,332.7,86,2017.75,31,77.64705658,18.70000076,24.31372643
953,26.700018,232,253.6,86,2417.0,31,92.54901886,31.78000069,29.80392265
364,25.186808,172,348.5,85,2350.75,31,21.96078491,21.56999969,24.31372643
950,27.360003,232,252.8,86,2165.5,31,44.31372452,7.75,15.68627453
366,25.930435,187,349.3,85,2728.75,31,96.07843018,36.65000153,38.4313736
0,2.7951565,250,211.6,56,2623.25,30,92.54901886,33.75999832,32.54901886
66,0.0,225,0.0,69,960.75,30,43.52941132,4.730000019,16.86274529
860,0.17464249,232,232.0,86,667.0,32,36.07843018,2.369999886,15.29411793
31,0.0,225,0.0,66,1380.25,30,28.23529434,3.920000076,16.47058868
1004,19.46009,227,343.1,86,1371.75,31,23.52941132,2.680000067,15.29411793
1045,17.99,228,323.6,86,1864.0,31,68.62744904,15.56000042,23.52941132
1326,0.925743,268,108.5,88,2432.75,32,78.03921509,27.12000084,29.01960754
294,21.498941,176,332.6,85,1264.0,30,29.80392265,4.039999962,16.47058868
1121,11.681387,246,334.9,86,3362.5,32,92.15686798,42.56000137,38.4313736
113,0.0,225,0.0,76,789.0,30,49.80392075,4.170000076,16.86274529
245,17.886381,271,339.1,84,1137.5,30,26.27450943,2.789999962,15.68627453
415,26.175276,255,347.2,85,2420.25,31,87.45098114,7.03000021,17.25490189
161,0.0,225,0.0,83,1833.5,30,87.05882263,21.17000008,27.45098114
678,15.720423,182,266.8,86,2660.75,34,98.4313736,37.50999832,50.58823776
411,24.96263,242,350.6,85,2290.5,31,40.39215851,3.279999971,28.23529434
1066,21.53015,248,315.9,87,2307.0,31,79.21569061,24.05999947,26.27450943
1286,13.300034,252,71.3,90,1506.25,32,55.29411697,10.44999981,20.3921566
1181,4.6313066,255,32.3,86,2457.0,32,92.15686798,32.06999969,36.47058868
1265,11.970204,253,84.9,89,1196.75,32,39.2156868,3.900000095,16.07843208
1,0.0,255,0.0,56,3169.5,30,90.98039246,37.20000076,32.54901886
247,14.3020735,399,340.2,84,908.5,30,30.19607925,2.75999999,15.68627453
1248,6.460031,251,349.1,88,776.5,33,34.90196228,2.420000076,15.29411793
665,14.963909,201,261.1,86,1417.0,35,27.05882454,4.0,16.86274529
1291,11.810005,254,68.2,90,929.5,32,27.84313774,2.400000095,15.29411793
1006,19.46009,227,343.1,86,1369.5,31,27.05882454,3.730000019,16.47058868
1244,6.460031,251,349.1,88,973.25,32,40.39215851,4.210000038,16.47058868
92,0.0,225,0.0,70,2927.25,30,97.2549057,39.06000137,39.2156868
381,20.478743,264,349.3,85,1541.25,31,21.56862831,2.819999933,15.68627453
114,0.0,225,0.0,76,761.5,30,50.58823776,4.289999962,16.86274529
1269,11.440004,260,70.4,89,2141.25,32,80.78431702,21.60000038,25.88235283
254,10.545179,454,328.2,84,2304.5,30,95.6862793,31.70999908,39.2156868
429,24.510988,209,344.3,86,2193.75,31,53.72549057,2.819999933,15.68627453
588,0.0,211,0.0,85,794.5,31,47.05882263,3.869999886,16.47058868
178,0.0,225,0.0,83,1271.0,30,30.19607925,3.869999886,16.47058868
790,26.130001,250,252.8,86,1676.5,31,18.4313736,2.230000019,15.29411793
389,19.822617,219,349.0,85,1746.75,31,27.05882454,2.849999905,15.68627453
132,0.0,225,0.0,78,1522.5,30,79.21569061,13.69999981,24.70588303
1296,9.8501835,253,70.5,90,1176.5,32,25.88235283,2.75,15.29411793
1276,12.31,256,70.7,89,1441.25,31,74.50980377,2.839999914,15.29411793
570,0.78025633,206,2.1,84,766.25,31,38.4313736,2.960000038,15.68627453
289,20.098093,228,331.9,85,2473.25,30,92.15686798,31.42000008,34.50980377
246,17.886381,271,339.1,84,1091.25,30,27.45098114,2.789999962,15.68627453
778,27.990015,263,257.4,86,2617.75,31,82.74510193,28.42000008,28.62745094
775,27.330029,259,256.5,86,2321.75,31,78.8235321,23.34000015,26.27450943
552,23.25001,223,3.9,84,1369.5,31,21.56862831,2.480000019,15.29411793
89,0.0,225,0.0,70,2463.25,30,93.72549438,32.34000015,32.94117737
192,11.74367,290,347.3,83,1590.5,30,32.15686417,4.260000229,21.96078491
996,14.94012,228,351.7,85,2367.0,31,87.05882263,28.25,30.19607925
1332,8.247084,258,73.1,88,724.0,32,38.4313736,2.900000095,16.07843208
436,26.490318,209,346.8,85,2238.25,31,96.07843018,10.25,22.35294151
1106,0.69260377,249,336.0,86,658.5,31,38.03921509,2.450000048,15.29411793
979,6.4165564,227,262.5,85,864.75,31,34.50980377,2.529999971,15.29411793
651,0.0,210,0.0,86,2167.0,35,50.58823776,10.67000008,20.7843132
802,8.7900915,228,255.9,85,810.75,31,47.05882263,4.059999943,16.47058868
146,0.0,225,0.0,79,2523.25,30,87.05882263,35.93000031,33.33333206
118,0.0,225,0.0,76,779.5,30,49.41176605,4.210000038,16.86274529
830,15.63,226,255.6,85,2718.75,31,66.66666412,23.20999908,25.09803963
1302,7.3713837,254,66.3,89,910.75,32,45.09804153,4.0,16.47058868
942,26.72003,245,253.5,86,2559.25,31,79.21569061,25.76000023,27.05882454
1063,20.520002,238,314.4,87,2009.25,31,60.0,14.76000023,22.35294151
918,25.44104,253,251.6,88,1825.0,32,18.03921509,2.309999943,15.29411793
823,8.660145,229,255.3,85,1265.5,31,91.37255096,20.70000076,26.27450943
26,0.0,225,0.0,65,1793.75,30,24.70588303,3.450000048,18.8235302
676,15.720423,182,266.8,86,2650.0,34,98.03921509,36.56999969,50.58823776
14,0.0,225,0.0,60,1507.75,30,28.23529434,4.139999866,16.47058868
500,31.740227,216,0.0,86,2521.0,31,48.23529434,7.170000076,18.4313736
82,0.0,225,0.0,70,778.0,30,38.4313736,2.569999933,15.29411793
898,19.630123,245,249.7,86,2695.25,31,96.47058868,5.760000229,16.47058868
1145,21.570187,258,328.2,88,1875.75,31,50.19607925,10.68000031,20.3921566
920,24.420206,253,252.3,88,1680.25,32,18.4313736,2.279999971,15.29411793
600,0.0,209,0.0,86,675.0,32,43.52941132,3.930000067,16.47058868
273,10.545179,454,328.2,84,1622.5,30,38.03921509,4.289999962,16.47058868
684,15.720423,182,266.8,87,2740.5,33,97.2549057,36.84000015,43.52941132
1011,18.330025,229,339.2,86,1695.25,31,39.2156868,3.900000095,16.07843208
466,26.490318,209,346.8,85,1473.25,31,22.35294151,2.920000076,15.68627453
1250,6.4700694,251,350.1,88,782.0,33,36.07843018,2.450000048,15.29411793
1188,9.396153,255,53.4,86,678.75,32,35.68627548,2.559999943,15.29411793
662,0.0,210,0.0,86,1373.25,35,60.39215851,9.289999962,15.68627453
447,26.490318,209,346.8,85,1814.75,31,18.4313736,2.50999999,15.29411793
371,26.148716,222,349.5,85,1817.0,31,18.8235302,2.5,15.29411793
557,19.690125,239,12.4,84,1075.75,31,27.05882454,2.779999971,15.68627453
983,3.0678983,227,258.2,85,2439.0,31,56.07843399,21.51000023,25.09803963
271,10.545179,454,328.2,85,1836.5,30,49.01960754,22.95000076,26.66666794
605,0.0,209,0.0,86,753.75,32,47.05882263,3.839999914,16.47058868
449,26.490318,209,346.8,85,1634.25,31,19.6078434,2.480000019,15.29411793
1162,19.92001,253,321.9,87,1538.25,32,20.7843132,2.589999914,15.29411793
523,28.342747,222,3.9,85,2007.75,31,22.74509811,3.890000105,16.47058868
214,11.470982,94,340.9,84,860.0,30,42.35294342,4.139999866,16.47058868
344,24.173574,228,342.8,85,1828.75,30,20.3921566,2.920000076,15.29411793
1184,8.31,254,52.7,86,1629.5,32,19.6078434,2.75,15.29411793
147,0.0,225,0.0,80,2239.75,30,65.49019623,20.85000038,23.92156982
1223,3.4414532,257,18.0,88,2420.25,32,92.94117737,31.70999908,35.68627548
1028,17.770044,231,341.4,86,1408.5,31,30.98039246,3.730000019,16.47058868
723,30.151697,297,260.6,87,2701.5,32,83.92156982,29.93000031,27.05882454
412,25.580936,208,349.3,85,2612.5,31,87.45098114,30.56999969,30.19607925
926,23.24001,246,253.7,87,2325.75,32,87.84313965,28.39999962,26.27450943
1257,6.301143,256,2.8,89,2441.25,32,83.92156982,27.03000069,28.62745094
783,27.240221,245,257.0,86,1928.75,31,21.17647171,3.289999962,16.07843208
342,25.812256,193,340.4,85,2254.5,30,87.84313965,7.539999962,18.03921509
947,27.540003,236,251.0,86,2307.0,31,45.09804153,14.11999989,21.56862831
173,0.0,225,0.0,83,1218.75,30,30.58823586,3.920000076,16.47058868
1109,0.2624881,247,331.9,86,751.5,31,49.41176605,3.960000038,16.47058868
377,25.902048,186,346.9,85,1964.75,31,26.27450943,4.03000021,16.47058868
866,2.1303756,236,241.0,86,938.25,32,38.03921509,3.890000105,16.47058868
738,30.151697,297,260.6,86,2391.25,32,75.6862793,21.80999947,25.49019623
305,20.882765,183,332.8,85,2235.75,30,91.37255096,30.87000084,32.54901886
543,25.830048,220,356.7,85,1767.75,31,24.31372643,4.070000172,16.47058868
925,23.041826,248,253.1,87,2007.0,32,82.74510193,3.710000038,16.47058868
887,11.92034,246,249.7,86,1942.75,32,90.19608307,24.84000015,27.45098114
18,0.0,225,0.0,61,2489.75,30,95.29412079,33.84000015,37.25490189
285,16.759201,180,331.5,85,2407.75,30,94.90196228,32.38999939,36.86274719
221,7.7390246,133,347.0,84,1391.25,30,65.09803772,2.5,14.90196133
891,16.000113,247,256.2,86,2077.25,31,18.8235302,2.670000076,16.47058868
22,0.0,225,0.0,63,1706.25,30,22.74509811,3.25999999,16.07843208
1078,20.29016,247,333.1,88,1901.5,31,35.29411697,3.779999971,16.07843208
116,0.0,225,0.0,76,792.0,30,49.80392075,4.230000019,16.86274529
952,26.810017,232,252.1,86,1997.5,31,33.72549057,2.700000048,15.29411793
406,21.25001,193,344.7,85,2627.25,31,97.64706421,36.04000092,41.5686264
361,25.698736,251,347.8,85,1997.5,30,21.17647171,3.200000048,20.7843132
95,0.0,225,0.0,71,1836.5,30,29.01960754,5.670000076,17.64705849
1118,9.0202,246,331.4,86,2783.5,32,95.29412079,36.34000015,38.4313736
261,10.545179,454,328.2,84,1078.75,30,27.45098114,2.819999933,15.68627453
1119,9.750416,247,337.2,86,2996.75,33,94.90196228,38.54000092,38.4313736
1013,18.330133,229,339.4,86,1466.25,31,27.45098114,3.809999943,15.29411793
951,26.850008,231,251.9,86,2343.75,31,54.11764908,18.25,24.31372643
179,0.0,225,0.0,83,1216.25,30,31.76470566,3.789999962,16.47058868
102,0.0,225,0.0,73,1905.25,30,58.8235321,10.67000008,25.88235283
574,1.6835973,209,262.2,84,673.25,31,38.03921509,2.539999962,15.29411793
716,30.522007,246,259.8,87,2403.0,33,87.05882263,33.0,40.7843132
563,4.8708315,210,354.4,84,1042.75,31,43.13725662,4.179999828,16.86274529
184,0.0,225,0.0,83,876.5,30,30.98039246,2.680000067,15.68627453
467,26.490318,209,346.8,85,1910.75,31,37.64706039,2.920000076,15.68627453
380,23.254164,253,348.0,85,1610.0,31,21.17647171,2.839999914,15.68627453
603,0.0,209,0.0,86,763.25,32,47.45098114,3.819999933,16.47058868
71,0.0,225,0.0,70,768.75,30,49.41176605,4.260000229,16.86274529
1149,21.450037,256,326.4,88,1482.0,31,20.0,2.289999962,15.29411793
978,12.091059,228,266.7,85,639.75,31,38.03921509,2.559999943,15.29411793
346,24.705856,198,341.9,85,2156.25,30,35.29411697,12.31000042,20.7843132
993,10.900225,227,349.3,85,3497.5,31,92.15686798,45.0,39.60784531
1231,6.1100082,255,339.7,88,636.5,32,36.86274719,2.50999999,15.29411793
29,0.0,225,0.0,65,1457.75,30,29.80392265,3.890000105,16.47058868
1130,17.290234,246,322.6,86,2452.25,32,93.33333588,32.15000153,37.25490189
796,18.610218,231,254.9,85,1193.75,31,24.31372643,2.640000105,15.29411793
39,0.0,225,0.0,67,816.25,30,34.50980377,2.980000019,15.68627453
504,31.660057,220,0.5,86,2476.5,31,80.78431702,27.92000008,28.62745094
157,0.0,225,0.0,81,1703.75,30,32.15686417,3.960000038,16.47058868
658,0.0,210,0.0,86,2340.5,36,96.86274719,32.61999893,42.74509811
733,30.151697,297,260.6,86,2453.75,32,74.11764526,21.70000076,25.49019623
635,0.0,210,0.0,86,753.75,33,46.66666794,3.75999999,16.47058868
1343,9.120548,280,340.0,88,756.25,32,50.58823776,4.679999828,16.86274529
1023,18.310175,232,342.3,86,2001.5,31,73.33333588,15.14999962,23.13725471
394,19.133974,235,348.2,85,1526.5,31,30.19607925,3.920000076,16.47058868
52,0.0,225,0.0,68,742.0,30,51.76470566,4.230000019,16.86274529
1086,23.130003,247,332.4,87,1236.5,31,22.35294151,2.309999943,15.29411793
359,25.977743,182,349.0,85,2203.75,30,70.58823395,23.68000031,26.27450943
909,23.96025,250,251.5,87,2717.0,31,95.29412079,36.25999832,45.09804153
402,20.00863,249,347.7,85,2239.75,31,46.27450943,31.37000084,32.94117737
421,27.800179,209,346.9,85,2699.0,31,59.60784531,11.64000034,17.64705849
448,26.490318,209,346.8,85,1708.5,31,19.2156868,2.460000038,15.29411793
677,15.720423,182,266.8,86,2660.75,34,98.4313736,37.86999893,50.58823776
284,16.726889,211,332.8,85,2100.75,30,85.49019623,22.43000031,29.41176605
592,0.0,209,0.0,85,743.75,32,35.68627548,2.589999914,15.29411793
227,9.924157,99,340.0,84,946.0,30,30.58823586,2.75999999,15.68627453
353,26.276594,223,344.6,85,2091.25,30,25.49019623,4.070000172,16.47058868
822,9.510132,229,256.1,85,796.0,31,43.92156982,3.809999943,16.47058868
771,28.060862,272,256.5,86,2353.75,31,76.86274719,22.35000038,26.27450943
835,18.668102,228,252.9,85,1328.75,31,23.52941132,2.75,15.29411793
9,0.0,225,0.0,58,2353.75,30,93.33333588,31.42000008,31.76470566
1132,18.920067,246,320.9,86,2426.5,31,94.11764526,32.02999878,36.47058868
30,0.0,225,0.0,65,1482.0,30,27.45098114,3.950000048,16.47058868
1212,13.690935,262,69.3,87,1709.25,31,47.84313965,2.789999962,15.29411793
691,15.720423,182,266.8,88,2434.25,33,24.70588303,5.849999905,17.25490189
1100,9.680186,251,330.9,86,689.0,31,36.86274719,2.569999933,15.29411793
939,26.63003,246,253.0,86,2278.75,31,56.47058868,19.0,26.27450943
334,22.825092,219,341.5,85,2343.75,30,71.76470947,26.12000084,16.07843208
873,2.491626,236,240.5,86,1410.75,32,54.11764908,8.529999733,19.2156868
805,7.27,230,261.1,85,1702.25,31,76.07843018,16.88999939,16.47058868
462,26.490318,209,346.8,85,1615.5,31,20.0,2.5,15.29411793
7,0.0,225,0.0,58,2927.25,30,65.49019623,4.010000229,16.47058868
517,29.501122,215,5.1,85,2655.25,31,62.35294342,22.85000038,27.45098114
197,11.74367,290,347.3,83,2125.75,30,95.29412079,27.81999969,33.72549057
296,16.96246,159,335.4,85,1054.5,30,35.68627548,3.960000038,16.47058868
392,20.929186,221,350.7,85,2007.75,31,77.64705658,19.28000069,25.49019623
980,4.3533206,227,261.6,85,743.75,31,32.94117737,2.539999962,15.29411793
1211,12.940015,261,69.6,87,1897.5,31,76.07843018,17.63999939,23.92156982
1092,18.86,247,329.7,87,1124.0,31,32.15686417,3.680000067,16.47058868
959,27.580008,229,250.7,85,2058.5,31,18.03921509,2.710000038,15.29411793
773,28.450016,258,257.6,86,2342.0,31,71.76470947,22.28000069,25.88235283
510,28.540064,214,5.6,85,2308.5,31,34.90196228,20.84000015,23.92156982
984,4.330739,227,254.4,85,1753.0,31,19.6078434,2.730000019,16.86274529
122,0.0,225,0.0,77,764.75,30,50.19607925,4.199999809,16.86274529
688,15.720423,182,266.8,87,2808.5,33,98.03921509,39.31999969,47.45098114
378,27.204414,170,349.4,85,1396.0,31,27.05882454,3.670000076,16.07843208
38,0.0,225,0.0,67,929.5,30,32.54901886,3.029999971,15.68627453
870,2.491626,236,240.5,86,816.25,32,35.29411697,2.180000067,15.29411793
1192,4.976203,256,33.5,86,2108.5,32,85.09803772,23.28000069,27.84313774
846,9.180267,239,246.9,86,803.0,31,45.49019623,3.930000067,16.47058868
992,10.14002,228,348.5,85,3240.5,31,94.90196228,41.54000092,40.39215851
1054,19.180128,232,313.9,86,1806.25,31,52.54901886,11.94999981,20.3921566
162,0.0,225,0.0,83,1899.0,30,87.05882263,21.95999908,27.45098114
67,0.0,225,0.0,69,1084.25,30,46.66666794,5.53000021,17.64705849
124,0.0,225,0.0,77,766.25,30,50.19607925,3.089999914,16.47058868
551,24.160074,224,1.0,84,1548.25,31,20.3921566,2.559999943,15.29411793
4,0.0,225,0.0,57,2957.0,30,96.86274719,39.34999847,38.82352829
1198,6.7100673,262,357.7,86,1487.5,32,66.66666412,12.10000038,21.56862831
845,10.450077,238,249.4,86,836.5,31,43.13725662,3.960000038,16.47058868
915,25.470196,250,252.6,88,1873.25,31,17.64705849,2.319999933,15.29411793
533,27.87583,217,354.4,85,2418.75,31,90.98039246,30.62000084,32.15686417
1350,3.0502622,272,258.3,89,739.75,32,42.74509811,3.75,16.47058868
1163,20.270123,256,322.7,87,1504.5,32,21.17647171,2.619999886,15.29411793
300,13.114453,171,336.6,85,3339.0,30,97.2549057,45.43000031,54.11764908
611,0.0,209,0.0,86,760.75,33,47.05882263,3.779999971,16.47058868
747,29.050007,297,260.5,86,2191.25,31,17.64705849,2.950000048,27.05882454
287,16.636015,253,332.3,85,2060.75,30,42.35294342,6.309999943,21.17647171
748,29.050007,297,260.5,86,2693.75,31,85.09803772,29.28000069,29.01960754
427,24.510988,209,344.3,86,2125.75,31,19.6078434,2.839999914,15.68627453
608,0.0,209,0.0,86,760.75,33,46.66666794,3.809999943,16.47058868
863,0.67,235,146.7,86,776.5,32,45.88235474,3.700000048,16.47058868
1348,4.721059,274,279.7,89,1285.0,32,54.11764908,8.069999695,19.2156868
994,12.710141,227,353.6,85,3716.25,31,70.98039246,43.31000137,36.47058868
1009,19.27001,229,340.4,86,2152.25,31,88.23529816,25.04000092,29.41176605
1029,17.72001,230,341.7,86,1315.5,31,29.41176605,3.710000038,16.47058868
908,24.310074,251,252.0,87,2594.5,31,94.50980377,32.59000015,35.29411697
842,13.1,242,248.8,85,992.0,31,35.29411697,3.619999886,16.47058868
506,29.710106,217,358.5,85,2651.5,31,86.27451324,31.47999954,30.58823586
356,25.1102,156,345.8,85,2230.25,30,80.39215851,22.12000084,25.49019623
399,19.072662,252,348.6,85,2444.5,31,96.47058868,34.29000092,41.17647171
1087,21.880228,248,333.4,87,1428.75,31,22.74509811,2.619999886,15.29411793
864,0.20099752,232,185.7,86,1146.75,32,54.50980377,6.949999809,20.3921566
352,24.731165,231,346.1,85,2668.75,30,96.86274719,36.29000092,40.0
844,11.930067,239,249.7,85,928.75,31,39.60784531,4.010000229,16.47058868
1251,6.9212213,251,354.7,88,1045.25,33,58.03921509,9.670000076,20.7843132
1116,0.0,245,0.0,86,2320.25,32,92.94117737,30.28000069,31.76470566
698,15.720423,182,266.8,88,2567.75,33,84.70588684,29.01000023,29.41176605
643,0.0,210,0.0,86,739.75,34,41.96078491,2.349999905,15.29411793
836,18.942572,228,252.8,85,1275.0,31,23.92156982,2.700000048,15.29411793
946,27.07003,237,250.6,86,2461.5,31,77.2549057,3.75,16.07843208
667,15.134375,194,265.7,86,2844.5,35,97.64706421,39.04000092,45.09804153
886,11.92034,246,249.7,86,2553.75,32,77.64705658,31.53000069,36.07843018
260,10.545179,454,328.2,84,1135.0,30,32.94117737,2.900000095,15.68627453
1140,20.46006,256,332.0,88,1527.25,31,26.27450943,2.819999933,15.29411793
333,22.810635,215,341.9,85,2213.25,30,81.5686264,26.54000092,27.05882454
153,0.0,225,0.0,80,1664.0,30,36.47058868,6.199999809,18.8235302
396,21.353561,207,346.7,85,1227.25,31,34.50980377,4.179999828,32.15686417
787,27.420017,258,251.1,86,1948.25,31,17.25490189,2.25999999,15.29411793
501,32.540222,216,0.1,86,2307.0,31,19.6078434,4.039999962,16.47058868
816,10.620075,229,247.5,85,992.75,31,30.19607925,2.670000076,15.29411793
1274,12.77,253,67.9,89,1966.25,32,79.21569061,19.31999969,25.49019623
906,24.51165,251,252.0,87,2536.5,31,94.50980377,34.02999878,38.4313736
721,30.151697,297,260.6,87,2717.0,32,88.23529816,30.60000038,30.58823586
373,24.325994,129,349.3,85,2098.25,31,90.98039246,26.64999962,30.58823586
855,0.9402127,233,237.3,86,649.0,32,38.03921509,2.390000105,15.29411793
590,0.0,209,0.0,85,775.75,31,46.27450943,3.789999962,16.47058868
312,21.419863,220,332.1,85,2525.0,30,94.11764526,4.949999809,16.86274529
825,9.31,226,247.9,85,2625.75,31,98.03921509,37.25999832,55.68627548
948,27.850029,234,251.5,86,2297.5,31,66.66666412,18.26000023,23.52941132
598,0.0,209,0.0,86,664.0,32,36.07843018,2.369999886,15.29411793
42,0.0,225,0.0,67,805.25,30,39.60784531,2.849999905,15.68627453
1058,19.090261,236,311.3,87,1749.0,31,76.47058868,17.26000023,23.92156982
645,0.0,210,0.0,86,663.25,34,35.68627548,2.289999962,15.29411793
1262,9.700047,260,92.7,88,1689.0,32,72.94117737,15.59000015,22.74509811
1159,20.970037,250,322.7,88,1526.5,32,27.45098114,2.50999999,15.29411793
971,24.960007,224,254.6,85,1521.75,31,21.56862831,2.50999999,15.29411793
28,0.0,225,0.0,65,1286.5,30,26.66666794,3.980000019,16.47058868
522,28.657274,221,3.7,85,2620.25,31,72.15686035,4.820000172,16.47058868
1105,2.0215836,251,321.5,86,652.25,31,38.03921509,2.529999971,15.29411793
762,28.060862,272,256.5,86,2584.25,31,50.19607925,23.68000031,25.09803963
1153,20.87029,253,326.8,88,1782.75,32,33.33333206,6.230000019,18.03921509
140,0.0,225,0.0,78,1914.0,30,85.49019623,20.72999954,28.62745094
1220,7.8100576,261,56.9,88,1440.5,32,73.33333588,14.31999969,22.35294151
704,15.720423,182,266.8,88,2598.25,33,76.86274719,24.95999908,26.66666794
1138,21.060059,253,330.9,87,1617.75,31,21.17647171,2.640000105,15.29411793
1218,9.42026,258,68.4,88,726.5,32,47.84313965,4.03000021,16.47058868
407,21.469841,219,345.3,85,2664.75,31,98.4313736,36.25,45.88235474
158,0.0,225,0.0,82,1216.25,30,27.05882454,3.809999943,16.86274529
944,27.010067,244,252.3,86,2370.25,31,78.8235321,3.529999971,16.07843208
168,0.0,225,0.0,83,2455.25,30,91.37255096,30.72999954,31.37254906
136,0.0,225,0.0,78,1825.0,30,85.09803772,17.80999947,27.05882454
1094,18.360003,245,328.1,87,1010.75,31,35.29411697,3.670000076,16.47058868
360,26.273113,244,349.4,85,2243.75,30,81.17647552,22.20000076,26.27450943
782,27.720001,241,257.9,86,1960.75,31,21.17647171,3.309999943,16.07843208
445,26.490318,209,346.8,85,2013.25,30,18.4313736,2.650000095,15.29411793
